department,county,city,base,total,year,AnnualBase,AnnualTotalPay,AnnualBonus,Headcount
BOARD OF CRIME CONTROL,LEWIS AND CLARK,HELENA,3326.2,3446.73,273902,6918496,7169198.4,250702.3999999999,136
BOARD OF PUBLIC EDUCATION,CASCADE,GREAT FALLS,18641.93,18769.14,2197162,38775214.4,39039811.2,264596.8,1091
BOARD OF PUBLIC EDUCATION,GALLATIN,BOZEMAN,72.94,72.94,4023,151715.19999999998,151715.19999999998,0,2
BOARD OF PUBLIC EDUCATION,JEFFERSON,BOULDER,91.28,91.28,6039,189862.4,189862.4,0,3
BOARD OF PUBLIC EDUCATION,LEWIS AND CLARK,HELENA,570.45,604.29,48331,1186536,1256923.2,70387.19999999998,24
BOARD OF PUBLIC EDUCATION,MISSOULA,MISSOULA,106.45,106.45,8050,221416,221416,0,4
BOARD OF PUBLIC EDUCATION,YELLOWSTONE,BILLINGS,154.01,154.01,14098,320340.8,320340.8,0,7
COMMISSIONER OF HIGHER EDUCATION,LEWIS AND CLARK,HELENA,17840.84,18051.32,1280829,37108947.2,37546745.6,437798.40000000014,636
COMMISSIONER OF POLITICAL PRACTICES,LEWIS AND CLARK,HELENA,1147.95,1157.25,104744,2387736,2407080,19343.999999999985,52
DEPARTMENT OF ADMINISTRATION,CUSTER,MILES CITY,145.98000000000002,149.8,12096,303638.4,311584,7945.599999999984,6
DEPARTMENT OF ADMINISTRATION,DAWSON,GLENDIVE,63.1,63.1,6039,131248,131248,0,3
DEPARTMENT OF ADMINISTRATION,LEWIS AND CLARK,HELENA,114743.85,118253.19,8595642,238667208,245966635.2,7299427.2,4268
DEPARTMENT OF ADMINISTRATION,MISSOULA,MISSOULA,254.32,266.94,14098,528985.6,555235.2,26249.59999999999,7
DEPARTMENT OF ADMINISTRATION,YELLOWSTONE,BILLINGS,2110.29,2155.92,142971,4389403.2,4484313.6,94910.4000000001,71
DEPARTMENT OF AGRICULTURE,CASCADE,GREAT FALLS,3641.85,3681.66,465213,7575048,7657852.8,82804.80000000002,231
DEPARTMENT OF AGRICULTURE,FERGUS,LEWISTOWN,162.84,162.84,14111,338707.2,338707.2,0,7
DEPARTMENT OF AGRICULTURE,FLATHEAD,KALISPELL,317.89,325.25,28196,661211.2,676520,15308.80000000001,14
DEPARTMENT OF AGRICULTURE,GALLATIN,BOZEMAN,2341.97,2408.34,203414,4871297.6,5009347.2,138049.59999999995,101
DEPARTMENT OF AGRICULTURE,LAKE,POLSON,86.52,88.28999999999999,8050,179961.6,183643.2,3681.5999999999913,4
DEPARTMENT OF AGRICULTURE,LEWIS AND CLARK,HELENA,16362.86,16677.78,1683506,34034748.8,34689782.4,655033.6000000001,836
DEPARTMENT OF AGRICULTURE,MISSOULA,MISSOULA,429.08,452.71,36255,892486.4,941636.8,49150.4,18
DEPARTMENT OF AGRICULTURE,PONDERA,CONRAD,73.06,74.66,6048,151964.8,155292.8,3328.0000000000073,3
DEPARTMENT OF AGRICULTURE,ROSEBUD,FORSYTH,73.06,75.62,6048,151964.8,157289.6,5324.80000000001,3
DEPARTMENT OF AGRICULTURE,ROSEBUD,HATHAWAY,86.52,88.72,8050,179961.6,184537.6,4575.999999999993,4
DEPARTMENT OF AGRICULTURE,VALLEY,GLASGOW,388.01,404.62,34244,807060.8,841609.6,34548.799999999996,17
DEPARTMENT OF AGRICULTURE,YELLOWSTONE,BILLINGS,512.53,527.71,44308,1066062.4,1097636.8,31574.399999999994,22
DEPARTMENT OF COMMERCE,LEWIS AND CLARK,HELENA,41399.01,42374.43,3206217,86109940.8,88138814.4,2028873.5999999999,1592
DEPARTMENT OF COMMERCE,MADISON,VIRGINIA CITY,775.15,789.04,94751,1612312,1641203.2,28891.199999999975,47
DEPARTMENT OF CORRECTIONS,BEAVERHEAD,DILLON,241.66,249.2,28196,502652.8,518336,15683.199999999997,14
DEPARTMENT OF CORRECTIONS,BIG HORN,HARDIN,423.68,432.03,46325,881254.4,898622.4,17368.000000000007,23
DEPARTMENT OF CORRECTIONS,CASCADE,GREAT FALLS,6741.15,6916.66,690779,14021592,14386652.8,365060.80000000005,343
DEPARTMENT OF CORRECTIONS,CUSTER,MILES CITY,21219.6,21671.85,2221308,44136768,45077448,940680.0000000001,1103
DEPARTMENT OF CORRECTIONS,DAWSON,GLENDIVE,929.64,958.11,86599,1933651.2,1992868.8,59217.60000000003,43
DEPARTMENT OF CORRECTIONS,DEER LODGE,ANACONDA,490.98,533.45,46327,1021238.4,1109576,88337.60000000003,23
DEPARTMENT OF CORRECTIONS,FERGUS,LEWISTOWN,975.1800000000001,977.62,118879,2028374.4000000001,2033449.6,5075.200000000004,59
DEPARTMENT OF CORRECTIONS,FLATHEAD,KALISPELL,3646.34,3726.69,348394,7584387.2,7751515.2,167128.00000000006,173
DEPARTMENT OF CORRECTIONS,GALLATIN,BOZEMAN,1913.22,1940.82,185283,3979497.6,4036905.6,57408.00000000004,92
DEPARTMENT OF CORRECTIONS,GLACIER,CUT BANK,322.98,328.88,30207,671798.4,684070.4,12272.000000000022,15
DEPARTMENT OF CORRECTIONS,HILL,HAVRE,912.98,922.46,88624,1898998.4,1918716.8,19718.399999999987,44
DEPARTMENT OF CORRECTIONS,JEFFERSON,BOULDER,5105.19,5193.94,523577,10618795.2,10803395.2,184600.0000000001,260
DEPARTMENT OF CORRECTIONS,LAKE,POLSON,748,755.6,82576,1555840,1571648,15807.999999999985,41
DEPARTMENT OF CORRECTIONS,LEWIS AND CLARK,HELENA,23621.41,24318.48,1921435,49132532.8,50582438.4,1449905.6,954
DEPARTMENT OF CORRECTIONS,LINCOLN,LIBBY,473.35,493.45,46317,984568,1026376,41807.99999999998,23
DEPARTMENT OF CORRECTIONS,MISSOULA,MISSOULA,5468.17,5614.58,507544,11373793.6,11678326.4,304532.80000000005,252
DEPARTMENT OF CORRECTIONS,PARK,LIVINGSTON,256.68,264.01,30207,533894.4,549140.8,15246.39999999999,15
DEPARTMENT OF CORRECTIONS,POWELL,DEER LODGE,107563.22,110282.48,11415040,223731497.6,229387558.4,5656060.800000001,5668
DEPARTMENT OF CORRECTIONS,RAVALLI,HAMILTON,932.02,942.86,94659,1938601.6,1961148.8,22547.200000000023,47
DEPARTMENT OF CORRECTIONS,RICHLAND,SIDNEY,364.76,365.87,42304,758700.8,761009.6,2308.7999999999993,21
DEPARTMENT OF CORRECTIONS,SANDERS,THOMPSON FALLS,68.2,69.74,8046,141856,145059.2,3203.199999999997,4
DEPARTMENT OF CORRECTIONS,SANDERS,THOMPSON FLS,202.06,207.18,22166,420284.8,430934.4,10649.60000000001,11
DEPARTMENT OF CORRECTIONS,SILVER BOW,BUTTE,2218.87,2293.22,207427,4615249.6,4769897.6,154648.00000000003,103
DEPARTMENT OF CORRECTIONS,TOOLE,SHELBY,752.16,762.53,78550,1564492.8,1586062.4,21569.59999999997,39
DEPARTMENT OF CORRECTIONS,VALLEY,GLASGOW,371.19,381.57,42300,772075.2,793665.6,21590.39999999999,21
DEPARTMENT OF CORRECTIONS,YELLOWSTONE,BILLINGS,18921.03,19359.02,1885202,39355742.4,40266761.6,911019.2000000001,936
DEPARTMENT OF ENVIRONMENTAL QUALITY,FLATHEAD,KALISPELL,1918.9,1970.98,144997,3991312,4099638.4,108326.40000000001,72
DEPARTMENT OF ENVIRONMENTAL QUALITY,GALLATIN,BOZEMAN,330.18,336.8,26209,686774.4,700544,13769.599999999984,13
DEPARTMENT OF ENVIRONMENTAL QUALITY,LEWIS AND CLARK,HELENA,81792.1,84385.63,6178698,170127568,175522110.4,5394542.399999999,3068
DEPARTMENT OF ENVIRONMENTAL QUALITY,MISSOULA,MISSOULA,588.78,609.34,44322,1224662.4,1267427.2,42764.799999999996,22
DEPARTMENT OF ENVIRONMENTAL QUALITY,SILVER BOW,BUTTE,1438.24,1460.47,104710,2991539.2,3037777.6,46238.399999999965,52
DEPARTMENT OF ENVIRONMENTAL QUALITY,YELLOWSTONE,BILLINGS,2700.86,2764.3,207448,5617788.8,5749744,131955.20000000004,103
"DEPARTMENT OF FISH, WILDLIFE, AND PARKS",BEAVERHEAD,DILLON,1056.94,1096.94,114915,2198435.2,2281635.2,83199.99999999997,57
"DEPARTMENT OF FISH, WILDLIFE, AND PARKS",BIG HORN,PRYOR,83.63,84.44999999999999,8064,173950.4,175656,1705.6000000000058,4
"DEPARTMENT OF FISH, WILDLIFE, AND PARKS",BROADWATER,TOWNSEND,148.48,156.10999999999999,14112,308838.4,324708.8,15870.399999999994,7
"DEPARTMENT OF FISH, WILDLIFE, AND PARKS",CARBON,BRIDGER,194.76,206.81,18144,405100.8,430164.8,25064.000000000007,9
"DEPARTMENT OF FISH, WILDLIFE, AND PARKS",CARBON,ROBERTS,106.97999999999999,108.84,8064,222518.4,226387.2,3868.80000000001,4
"DEPARTMENT OF FISH, WILDLIFE, AND PARKS",CASCADE,GREAT FALLS,15415.7,15854.14,1752262,32064656,32976611.2,911955.2000000002,870
"DEPARTMENT OF FISH, WILDLIFE, AND PARKS",CASCADE,ULM,15.16,15.16,2017,31532.8,31532.8,0,1
"DEPARTMENT OF FISH, WILDLIFE, AND PARKS",CUSTER,MILES CITY,10236.06,10468.43,1168086,21291004.8,21774334.4,483329.6,580
"DEPARTMENT OF FISH, WILDLIFE, AND PARKS",DAWSON,GLENDIVE,287.55,289.45,34266,598104,602056,3952.0000000000073,17
"DEPARTMENT OF FISH, WILDLIFE, AND PARKS",DEER LODGE,ANACONDA,327.36,331.62,36291,680908.7999999999,689769.6,8860.80000000001,18
"DEPARTMENT OF FISH, WILDLIFE, AND PARKS",DEER LODGE,WARM SPRINGS,86.16,90,8064,179212.8,187200,7987.200000000012,4
"DEPARTMENT OF FISH, WILDLIFE, AND PARKS",FERGUS,LEWISTOWN,1010,1033.71,102815,2100800,2150116.8,49316.799999999974,51
"DEPARTMENT OF FISH, WILDLIFE, AND PARKS",FLATHEAD,BIGFORK,190.39,191.35,28238,396011.2,398008,1996.800000000003,14
"DEPARTMENT OF FISH, WILDLIFE, AND PARKS",FLATHEAD,KALISPELL,17725.72,18335.19,2007913,36869497.6,38137195.2,1267697.6,997
"DEPARTMENT OF FISH, WILDLIFE, AND PARKS",FLATHEAD,SOMERS,113.59,115.19,12096,236267.2,239595.2,3328,6
"DEPARTMENT OF FISH, WILDLIFE, AND PARKS",FLATHEAD,WEST GLACIER,87.53999999999999,88.27,8062,182083.2,183601.6,1518.4000000000015,4
"DEPARTMENT OF FISH, WILDLIFE, AND PARKS",GALLATIN,BOZEMAN,19987.75,20474.34,2668074,41574520,42586627.2,1012107.2000000002,1325
"DEPARTMENT OF FISH, WILDLIFE, AND PARKS",GALLATIN,THREE FORKS,84.08,86.6,8063,174886.4,180128,5241.60000000002,4
"DEPARTMENT OF FISH, WILDLIFE, AND PARKS",GARFIELD,JORDAN,78.02,78.02,8065,162281.6,162281.6,0,4
"DEPARTMENT OF FISH, WILDLIFE, AND PARKS",GRANITE,PHILIPSBURG,132.86,134.62,12096,276348.8,280009.6,3660.7999999999884,6
"DEPARTMENT OF FISH, WILDLIFE, AND PARKS",HILL,HAVRE,442.84000000000003,460.55,46370,921107.2000000001,957944,36836.79999999999,23
"DEPARTMENT OF FISH, WILDLIFE, AND PARKS",JEFFERSON,WHITEHALL,887.38,907.27,139111,1845750.4000000001,1887121.6,41371.2,69
"DEPARTMENT OF FISH, WILDLIFE, AND PARKS",LAKE,ARLEE,192.03,200.94,18144,399422.39999999997,417955.2,18532.800000000003,9
"DEPARTMENT OF FISH, WILDLIFE, AND PARKS",LAKE,CHARLO,64.62,71.1,6048,134409.59999999998,147888,13478.400000000009,3
"DEPARTMENT OF FISH, WILDLIFE, AND PARKS",LEWIS AND CLARK,HELENA,50073.48,51719.41,4392204,104152838.4,107576372.8,3423534.4,2181
"DEPARTMENT OF FISH, WILDLIFE, AND PARKS",LINCOLN,EUREKA,316.27,324.76,34270,657841.6,675500.8,17659.200000000004,17
"DEPARTMENT OF FISH, WILDLIFE, AND PARKS",LINCOLN,LIBBY,720.84,761.08,68544,1499347.2,1583046.4,83699.20000000001,34
"DEPARTMENT OF FISH, WILDLIFE, AND PARKS",MADISON,ENNIS,65.15,69.05,6049,135512,143624,8112,3
"DEPARTMENT OF FISH, WILDLIFE, AND PARKS",MISSOULA,LOLO,203.88,208.56,18144,424070.4,433804.8,9734.399999999994,9
"DEPARTMENT OF FISH, WILDLIFE, AND PARKS",MISSOULA,MISSOULA,15539.68,16013.29,1784468,32322534.4,33307643.2,985108.8,886
"DEPARTMENT OF FISH, WILDLIFE, AND PARKS",MISSOULA,SEELEY LAKE,206.38,210.81,26208,429270.39999999997,438484.8,9214.400000000009,13
"DEPARTMENT OF FISH, WILDLIFE, AND PARKS",PARK,LIVINGSTON,235.60999999999999,243.2,20161,490068.8,505856,15787.200000000026,10
"DEPARTMENT OF FISH, WILDLIFE, AND PARKS",PONDERA,CONRAD,79.02000000000001,84.96,6048,164361.6,176716.8,12355.199999999983,3
"DEPARTMENT OF FISH, WILDLIFE, AND PARKS",RAVALLI,HAMILTON,188.57,198.98,14113,392225.60000000003,413878.4,21652.800000000003,7
"DEPARTMENT OF FISH, WILDLIFE, AND PARKS",ROOSEVELT,CULBERTSON,70.03999999999999,70.03999999999999,10080,145683.2,145683.2,0,5
"DEPARTMENT OF FISH, WILDLIFE, AND PARKS",SANDERS,THOMPSON FLS,424.52,435.89,46368,883001.6,906651.2,23649.600000000006,23
"DEPARTMENT OF FISH, WILDLIFE, AND PARKS",SILVER BOW,BUTTE,426.32,447.83,36286,886745.6,931486.4,44740.799999999974,18
"DEPARTMENT OF FISH, WILDLIFE, AND PARKS",SWEET GRASS,BIG TIMBER,112.57,117.19,10079,234145.6,243755.2,9609.600000000006,5
"DEPARTMENT OF FISH, WILDLIFE, AND PARKS",TETON,CHOTEAU,211.55,227.97,18144,440024,474177.6,34153.60000000002,9
"DEPARTMENT OF FISH, WILDLIFE, AND PARKS",TETON,FAIRFIELD,79.06,85.85,8065,164444.8,178568,14123.200000000004,4
"DEPARTMENT OF FISH, WILDLIFE, AND PARKS",VALLEY,FORT PECK,807.22,841.41,80634,1679017.5999999999,1750132.8,71115.2000000001,40
"DEPARTMENT OF FISH, WILDLIFE, AND PARKS",VALLEY,GLASGOW,7728.09,7915.44,871963,16074427.2,16464115.2,389688.0000000001,433
"DEPARTMENT OF FISH, WILDLIFE, AND PARKS",YELLOWSTONE,BILLINGS,11757.07,12149.17,1311131,24454705.6,25270273.6,815568.0000000002,651
DEPARTMENT OF JUSTICE,BEAVERHEAD,DILLON,128.57,137.71,18116,267425.6,286436.8,19011.2,9
DEPARTMENT OF JUSTICE,CASCADE,GREAT FALLS,4743.2699999999995,4875.06,445059,9866001.6,10140124.8,274123.2,221
DEPARTMENT OF JUSTICE,CUSTER,MILES CITY,1605.48,1667.93,153104,3339398.4,3469294.4,129896,76
DEPARTMENT OF JUSTICE,DAWSON,GLENDIVE,3125.56,3220.08,279882,6501164.8,6697766.4,196601.60000000003,139
DEPARTMENT OF JUSTICE,FERGUS,LEWISTOWN,904.64,930.98,78574,1881651.2,1936438.4,54787.20000000004,39
DEPARTMENT OF JUSTICE,FLATHEAD,KALISPELL,5334.89,5485.19,485335,11096571.2,11409195.2,312623.99999999994,241
DEPARTMENT OF JUSTICE,GALLATIN,BELGRADE,1398.17,1430.18,120690,2908193.6,2974774.4,66580.8,60
DEPARTMENT OF JUSTICE,GALLATIN,BOZEMAN,3621.61,3706.73,324400,7532948.8,7709998.399999999,177049.59999999986,161
DEPARTMENT OF JUSTICE,GLACIER,CUT BANK,123.36,123.36,18122,256588.8,256588.8,0,9
DEPARTMENT OF JUSTICE,HILL,HAVRE,2407.21,2464.08,213444,5006996.8,5125286.4,118289.59999999989,106
DEPARTMENT OF JUSTICE,LAKE,POLSON,860.93,874.47,78572,1790734.4,1818897.6,28163.20000000004,39
DEPARTMENT OF JUSTICE,LEWIS AND CLARK,FORT HARRISON,3560.95,3619.72,380840,7406775.999999999,7529017.6,122241.60000000021,189
DEPARTMENT OF JUSTICE,LEWIS AND CLARK,HELENA,65583.64,67179.47,5512431,136413971.2,139733297.6,3319326.3999999994,2737
DEPARTMENT OF JUSTICE,LINCOLN,LIBBY,740.4499999999999,762.53,66484,1540136,1586062.4,45926.40000000003,33
DEPARTMENT OF JUSTICE,MINERAL,SUPERIOR,869.93,891.85,70529,1809454.4,1855048,45593.599999999955,35
DEPARTMENT OF JUSTICE,MISSOULA,MISSOULA,14864.92,15246.6,1113693,30919033.6,31712928,793894.4,553
DEPARTMENT OF JUSTICE,PARK,LIVINGSTON,993.32,1021.12,86637,2066105.6,2123929.6,57823.99999999999,43
DEPARTMENT OF JUSTICE,POWELL,DEER LODGE,3448.06,3603.08,515449,7171964.8,7494406.4,322441.60000000015,256
DEPARTMENT OF JUSTICE,RAVALLI,STEVENSVILLE,1276.55,1321.21,114844,2655224,2748116.8,92892.80000000002,57
DEPARTMENT OF JUSTICE,RICHLAND,SIDNEY,762.02,770.3,76559,1585001.5999999999,1602224,17222.400000000023,38
DEPARTMENT OF JUSTICE,ROOSEVELT,WOLF POINT,954.05,980.46,76567,1984424,2039356.8,54932.799999999996,38
DEPARTMENT OF JUSTICE,SILVER BOW,BUTTE,4356.66,4515.74,382617,9061852.8,9392739.2,330886.40000000014,190
DEPARTMENT OF JUSTICE,STILLWATER,COLUMBUS,933.22,962.38,74549,1941097.5999999999,2001750.4,60652.800000000054,37
DEPARTMENT OF JUSTICE,SWEET GRASS,BIG TIMBER,230.32,248.22,12090,479065.6,516297.6,37232,6
DEPARTMENT OF JUSTICE,TOOLE,SHELBY,809.0699999999999,823.4,66494,1682865.6,1712672,29806.4,33
DEPARTMENT OF JUSTICE,VALLEY,GLASGOW,163.54,167.05,24163,340163.2,347464,7300.799999999985,12
DEPARTMENT OF JUSTICE,YELLOWSTONE,BILLINGS,8121.19,8388.27,727083,16892075.2,17447601.6,555526.4,361
DEPARTMENT OF LABOR AND INDUSTRY,BEAVERHEAD,DILLON,423.28,430.36,46323,880422.3999999999,895148.7999999999,14726.400000000023,23
DEPARTMENT OF LABOR AND INDUSTRY,BIG HORN,HARDIN,99.91999999999999,103.42,8050,207833.6,215113.6,7280,4
DEPARTMENT OF LABOR AND INDUSTRY,BLAINE,CHINOOK,78.69,79.31,8050,163675.2,164964.8,1289.5999999999913,4
DEPARTMENT OF LABOR AND INDUSTRY,CARBON,BRIDGER,105.39,112.82,8050,219211.2,234665.6,15454.399999999994,4
DEPARTMENT OF LABOR AND INDUSTRY,CASCADE,BLACK EAGLE,135.41,141.43,14086,281652.8,294174.39999999997,12521.599999999991,7
DEPARTMENT OF LABOR AND INDUSTRY,CASCADE,GREAT FALLS,3946.22,4017.61,416872,8208137.6,8356628.8,148491.20000000024,207
DEPARTMENT OF LABOR AND INDUSTRY,CHOTEAU,FORT BENTON,38.379999999999995,40.489999999999995,4023,79830.4,84219.2,4388.800000000003,2
DEPARTMENT OF LABOR AND INDUSTRY,CHOUTEAU,FORT BENTON,60.05,61.16,6040,124904,127212.8,2308.7999999999956,3
DEPARTMENT OF LABOR AND INDUSTRY,CUSTER,MILES CITY,616.9399999999999,657.76,62425,1283235.2,1368140.8,84905.6,31
DEPARTMENT OF LABOR AND INDUSTRY,DAWSON,GLENDIVE,916.23,953.73,84589,1905758.4,1983758.4,78000.00000000003,42
DEPARTMENT OF LABOR AND INDUSTRY,DEER LODGE,ANACONDA,682.04,710.39,68472,1418643.2,1477611.2,58968.000000000015,34
DEPARTMENT OF LABOR AND INDUSTRY,FERGUS,LEWISTOWN,702.49,723.39,72499,1461179.2,1504651.2,43472.00000000003,36
DEPARTMENT OF LABOR AND INDUSTRY,FERGUS,MOORE,39.6,42.56,4023,82368,88524.8,6156.800000000003,2
DEPARTMENT OF LABOR AND INDUSTRY,FLATHEAD,COLUMBIA FALLS,37.57,37.57,4023,78145.6,78145.6,0,2
DEPARTMENT OF LABOR AND INDUSTRY,FLATHEAD,COLUMBIA FLS,41.370000000000005,41.370000000000005,4027,86049.6,86049.6,0,2
DEPARTMENT OF LABOR AND INDUSTRY,FLATHEAD,KALISPELL,3908.98,4016.21,404750,8130678.399999999,8353716.8,223038.40000000023,201
DEPARTMENT OF LABOR AND INDUSTRY,FLATHEAD,LAKESIDE,79.11,82.71,8050,164548.8,172036.8,7487.999999999985,4
DEPARTMENT OF LABOR AND INDUSTRY,FLATHEAD,MARION,93.24000000000001,93.24000000000001,10063,193939.2,193939.2,0,5
DEPARTMENT OF LABOR AND INDUSTRY,GALLATIN,BOZEMAN,2781.56,2876.83,285950,5785644.8,5983806.399999999,198161.60000000003,142
DEPARTMENT OF LABOR AND INDUSTRY,GALLATIN,WEST YELLOWSTONE,213.95000000000002,221.88,22140,445016,461510.4,16494.399999999987,11
DEPARTMENT OF LABOR AND INDUSTRY,GLACIER,CUT BANK,604.14,631.42,60420,1256611.2,1313353.6,56742.40000000005,30
DEPARTMENT OF LABOR AND INDUSTRY,HILL,HAVRE,709.13,747.29,72496,1474990.4,1554363.2,79372.80000000002,36
DEPARTMENT OF LABOR AND INDUSTRY,JEFFERSON,BASIN,97.27,97.63,8054,202321.6,203070.4,748.8000000000029,4
DEPARTMENT OF LABOR AND INDUSTRY,JEFFERSON,WHITEHALL,78.87,80.05,8050,164049.6,166504,2454.399999999994,4
DEPARTMENT OF LABOR AND INDUSTRY,JUDITH BASIN,BASIN,81.98,82.33,8046,170518.4,171246.4,727.9999999999927,4
DEPARTMENT OF LABOR AND INDUSTRY,JUDITH BASIN,RAYNESFORD,78,78.28999999999999,8050,162240,162843.19999999998,603.1999999999971,4
DEPARTMENT OF LABOR AND INDUSTRY,LAKE,POLSON,1183.95,1201.29,130902,2462616,2498683.2,36067.20000000003,65
DEPARTMENT OF LABOR AND INDUSTRY,LAKE,RONAN,103.07000000000001,109.34,8050,214385.6,227427.2,13041.599999999991,4
DEPARTMENT OF LABOR AND INDUSTRY,LEWIS AND CLARK,EAST HELENA,79.5,81.12,8050,165360,168729.6,3369.5999999999985,4
DEPARTMENT OF LABOR AND INDUSTRY,LEWIS AND CLARK,HELENA,95100.02,98001.12,8144634,197808041.6,203842329.6,6034288.000000001,4044
DEPARTMENT OF LABOR AND INDUSTRY,LINCOLN,LIBBY,782.49,801.05,80562,1627579.2,1666184,38604.80000000003,40
DEPARTMENT OF LABOR AND INDUSTRY,MADISON,ENNIS,18.21,18.48,2011,37876.8,38438.4,561.5999999999985,1
DEPARTMENT OF LABOR AND INDUSTRY,MINERAL,SUPERIOR,79.75,84.14,8050,165880,175011.19999999998,9131.19999999999,4
DEPARTMENT OF LABOR AND INDUSTRY,MISSOULA,MISSOULA,6414.88,6573.86,672620,13342950.4,13673628.8,330678.4000000004,334
DEPARTMENT OF LABOR AND INDUSTRY,MUSSELSHELL,ROUNDUP,222.01,229.25,22138,461780.8,476840,15059.200000000012,11
DEPARTMENT OF LABOR AND INDUSTRY,PARK,LIVINGSTON,652.39,667.38,70462,1356971.2,1388150.4,31179.200000000004,35
DEPARTMENT OF LABOR AND INDUSTRY,RAVALLI,FLORENCE,19.02,20.06,2011,39561.6,41724.799999999996,2163.199999999997,1
DEPARTMENT OF LABOR AND INDUSTRY,RAVALLI,HAMILTON,1145.06,1168.74,124854,2381724.8,2430979.2,49254.40000000002,62
DEPARTMENT OF LABOR AND INDUSTRY,RICHLAND,SIDNEY,739.6899999999999,742.18,80562,1538555.2,1543734.4,5179.19999999999,40
DEPARTMENT OF LABOR AND INDUSTRY,ROOSEVELT,POPLAR,151.59,153.51,18105,315307.19999999995,319300.8,3993.600000000013,9
DEPARTMENT OF LABOR AND INDUSTRY,ROOSEVELT,WOLF POINT,1089.97,1115.1299999999999,112799,2267137.6,2319470.4,52332.80000000007,56
DEPARTMENT OF LABOR AND INDUSTRY,ROSEBUD,FORSYTH,104.25999999999999,108.5,8050,216860.8,225680,8819.199999999997,4
DEPARTMENT OF LABOR AND INDUSTRY,ROSEBUD,LAME DEER,148.8,148.8,16129,309504,309504,0,8
DEPARTMENT OF LABOR AND INDUSTRY,SANDERS,THOMPSON FALLS,79.22,81.08,10058,164777.59999999998,168646.4,3868.80000000001,5
DEPARTMENT OF LABOR AND INDUSTRY,SANDERS,THOMPSON FLS,229.95999999999998,237.36,26196,478316.8,493708.8,15392.000000000015,13
DEPARTMENT OF LABOR AND INDUSTRY,SILVER BOW,BUTTE,2193.2599999999998,2243.3,209466,4561980.8,4666064,104083.20000000007,104
DEPARTMENT OF LABOR AND INDUSTRY,SWEET GRASS,BIG TIMBER,79.11,82.31,8050,164548.8,171204.8,6655.999999999993,4
DEPARTMENT OF LABOR AND INDUSTRY,TOOLE,SHELBY,250.67,254.26,28191,521393.6,528860.8,7467.200000000004,14
DEPARTMENT OF LABOR AND INDUSTRY,VALLEY,FRAZER,78.93,79.55,8050,164174.4,165464,1289.5999999999985,4
DEPARTMENT OF LABOR AND INDUSTRY,VALLEY,GLASGOW,860.05,887.84,90590,1788904,1846707.2,57803.20000000004,45
DEPARTMENT OF LABOR AND INDUSTRY,YELLOWSTONE,BILLINGS,9392.91,9607.23,990810,19537252.8,19983038.4,445785.6000000003,492
DEPARTMENT OF LABOR AND INDUSTRY,YELLOWSTONE,LAUREL,79.11,80.28999999999999,8050,164548.8,167003.2,2454.4000000000015,4
DEPARTMENT OF LIVESTOCK,BEAVERHEAD,DILLON,77.76,82.46000000000001,8056,161740.8,171516.8,9776,4
DEPARTMENT OF LIVESTOCK,BLAINE,CHINOOK,271.54,272.67,38289,564803.2,567153.6,2350.399999999994,19
DEPARTMENT OF LIVESTOCK,CASCADE,VAUGHN,294.52,303.95,42295,612601.6,632216,19614.399999999994,21
DEPARTMENT OF LIVESTOCK,CUSTER,MILES CITY,425.92,456.92,54383,885913.6,950393.6,64480,27
DEPARTMENT OF LIVESTOCK,DAWSON,GLENDIVE,99.34,108.98,12091,206627.2,226678.4,20051.199999999997,6
DEPARTMENT OF LIVESTOCK,FERGUS,LEWISTOWN,105.97,108.16,18117,220417.6,224972.80000000002,4555.200000000012,9
DEPARTMENT OF LIVESTOCK,GALLATIN,BOZEMAN,3052.62,3129.31,332299,6349449.6,6508964.8,159515.20000000007,165
DEPARTMENT OF LIVESTOCK,GALLATIN,THREE FORKS,261.12,265.75,34256,543129.6,552760,9630.399999999994,17
DEPARTMENT OF LIVESTOCK,GALLATIN,WEST YELLOWSTONE,351.46999999999997,354.39,40274,731057.6,737131.2,6073.59999999998,20
DEPARTMENT OF LIVESTOCK,LEWIS AND CLARK,HELENA,13194.45,13702.32,1335152,27444456,28500825.6,1056369.5999999999,663
DEPARTMENT OF LIVESTOCK,MISSOULA,MISSOULA,292.46,303.18,42300,608316.8,630614.4,22297.6,21
DEPARTMENT OF LIVESTOCK,POWDER RIVER,BIDDLE,16.91,16.91,2014,35172.8,35172.8,0,1
DEPARTMENT OF LIVESTOCK,POWDER RIVER,BROADUS,12.63,12.63,2013,26270.4,26270.4,0,1
DEPARTMENT OF LIVESTOCK,RICHLAND,SIDNEY,170.07,175.87,24177,353745.6,365809.6,12063.999999999993,12
DEPARTMENT OF LIVESTOCK,SILVER BOW,BUTTE,49.81,49.81,8050,103604.8,103604.8,0,4
DEPARTMENT OF LIVESTOCK,SILVER BOW,RAMSAY,353.53,362.43,48339,735342.4,753854.4,18511.999999999996,24
DEPARTMENT OF LIVESTOCK,VALLEY,GLASGOW,273.21,276.39,38274,568276.8,574891.2,6614.399999999987,19
DEPARTMENT OF LIVESTOCK,YELLOWSTONE,BILLINGS,1289,1356.91,169218,2681120,2822372.8,141252.79999999996,84
DEPARTMENT OF MILITARY AFFAIRS,BEAVERHEAD,DILLON,8453.85,8567.49,1071413,17584008,17820379.2,236371.19999999998,532
DEPARTMENT OF MILITARY AFFAIRS,CASCADE,GREAT FALLS,6686.99,6925.9,680749,13908939.2,14405872,496932.80000000005,338
DEPARTMENT OF MILITARY AFFAIRS,CUSTER,MILES CITY,301.7,303.65,30201,627536,631592,4055.9999999999964,15
DEPARTMENT OF MILITARY AFFAIRS,FERGUS,LEWISTOWN,154.24,161.94,14098,320819.2,336835.2,16016,7
DEPARTMENT OF MILITARY AFFAIRS,FLATHEAD,KALISPELL,425.6,426.26,44319,885248,886620.8,1372.8000000000065,22
DEPARTMENT OF MILITARY AFFAIRS,GALLATIN,BOZEMAN,311.39,315.21,32226,647691.2,655636.8,7945.599999999991,16
DEPARTMENT OF MILITARY AFFAIRS,LEWIS AND CLARK,FORT HARRISON,8795.04,9036.65,709508,18293683.2,18796232,502548.80000000016,352
DEPARTMENT OF MILITARY AFFAIRS,LEWIS AND CLARK,HELENA,7835.28,8036.89,662044,16297382.4,16716731.2,419348.8000000001,329
DEPARTMENT OF MILITARY AFFAIRS,MISSOULA,MISSOULA,954.48,972.3,98686,1985318.4,2022384,37065.600000000006,49
DEPARTMENT OF MILITARY AFFAIRS,PARK,LIVINGSTON,155.34,165.74,14098,323107.2,344739.2,21632.000000000015,7
DEPARTMENT OF MILITARY AFFAIRS,PONDERA,CONRAD,176.85000000000002,180.29000000000002,16111,367848,375003.2,7155.200000000004,8
DEPARTMENT OF MILITARY AFFAIRS,SILVER BOW,BUTTE,87.11,87.38,10065,181188.8,181750.4,561.6000000000058,5
DEPARTMENT OF MILITARY AFFAIRS,YELLOWSTONE,BILLINGS,741.32,767.71,70505,1541945.6,1596836.8,54891.19999999999,35
DEPARTMENT OF NATURAL RESOURCES AND CONSERVATION,BEAVERHEAD,DILLON,1229.3,1258.37,130934,2556944,2617409.6,60465.59999999998,65
DEPARTMENT OF NATURAL RESOURCES AND CONSERVATION,BROADWATER,TOSTON,363.96000000000004,384.48,22163,757036.8,799718.4,42681.600000000035,11
DEPARTMENT OF NATURAL RESOURCES AND CONSERVATION,CHOUTEAU,FORT BENTON,26.65,27.59,2017,55432,57387.2,1955.199999999997,1
DEPARTMENT OF NATURAL RESOURCES AND CONSERVATION,CUSTER,MILES CITY,1853.73,1939.7,173199,3855758.4,4034576,178817.60000000003,86
DEPARTMENT OF NATURAL RESOURCES AND CONSERVATION,DAWSON,GLENDIVE,57.15,57.8,6037,118872,120224,1351.9999999999927,3
DEPARTMENT OF NATURAL RESOURCES AND CONSERVATION,DEER LODGE,ANACONDA,1287,1330.64,130939,2676960,2767731.2,90771.2,65
DEPARTMENT OF NATURAL RESOURCES AND CONSERVATION,FERGUS,LEWISTOWN,2671.12,2777.68,233626,5555929.6,5777574.4,221644.80000000008,116
DEPARTMENT OF NATURAL RESOURCES AND CONSERVATION,FLATHEAD,KALISPELL,10573.41,10798.25,1206282,21992692.8,22460360,467667.19999999995,599
DEPARTMENT OF NATURAL RESOURCES AND CONSERVATION,FLATHEAD,MARION,142.85,142.85,18128,297128,297128,0,9
DEPARTMENT OF NATURAL RESOURCES AND CONSERVATION,FLATHEAD,WHITEFISH,1936.66,1994.8999999999999,189316,4028252.8,4149392,121139.19999999992,94
DEPARTMENT OF NATURAL RESOURCES AND CONSERVATION,GALLATIN,BOZEMAN,2093.23,2148.63,191295,4353918.399999999,4469150.4,115232.00000000006,95
DEPARTMENT OF NATURAL RESOURCES AND CONSERVATION,HILL,HAVRE,778.96,799.3199999999999,66499,1620236.7999999998,1662585.5999999999,42348.80000000004,33
DEPARTMENT OF NATURAL RESOURCES AND CONSERVATION,LAKE,POLSON,138.85,142.65,14092,288808,296712,7904.000000000007,7
DEPARTMENT OF NATURAL RESOURCES AND CONSERVATION,LAKE,SWAN LAKE,1523.68,1580.77,153075,3169254.4,3288001.6,118747.19999999991,76
DEPARTMENT OF NATURAL RESOURCES AND CONSERVATION,LEWIS AND CLARK,HELENA,50302.94,51830.24,4164927,104630115.2,107806899.2,3176784,2068
DEPARTMENT OF NATURAL RESOURCES AND CONSERVATION,LEWIS AND CLARK,LINCOLN,390.33,400.84,42294,811886.4,833747.2000000001,21860.800000000017,21
DEPARTMENT OF NATURAL RESOURCES AND CONSERVATION,LINCOLN,LIBBY,1480.52,1544.4,153076,3079481.6,3212352,132870.4,76
DEPARTMENT OF NATURAL RESOURCES AND CONSERVATION,MISSOULA,GREENOUGH,1140.44,1178.45,118846,2372115.2,2451176,79060.79999999999,59
DEPARTMENT OF NATURAL RESOURCES AND CONSERVATION,MISSOULA,MISSOULA,83699.85,84372.98,9838158,174095688,175495798.4,1400110.4000000001,4885
DEPARTMENT OF NATURAL RESOURCES AND CONSERVATION,MUSSELSHELL,ROUNDUP,513.9,520.96,40274,1068912,1083596.8,14684.799999999996,20
DEPARTMENT OF NATURAL RESOURCES AND CONSERVATION,PONDERA,CONRAD,442.46999999999997,456.74,42294,920337.6,950019.2,29681.599999999995,21
DEPARTMENT OF NATURAL RESOURCES AND CONSERVATION,RAVALLI,HAMILTON,535.61,557.59,50350,1114068.8,1159787.2,45718.40000000001,25
DEPARTMENT OF NATURAL RESOURCES AND CONSERVATION,SANDERS,PLAINS,1653.55,1708.98,171199,3439384,3554678.4,115294.4,85
DEPARTMENT OF NATURAL RESOURCES AND CONSERVATION,SHERIDAN,PLENTYWOOD,56.69,58.66,6036,117915.20000000001,122012.79999999999,4097.599999999991,3
DEPARTMENT OF NATURAL RESOURCES AND CONSERVATION,TOOLE,SHELBY,435.46,454.15,44309,905756.8,944632,38875.19999999998,22
DEPARTMENT OF NATURAL RESOURCES AND CONSERVATION,VALLEY,GLASGOW,1689.3799999999999,1754.04,151039,3513910.4,3648403.2,134492.80000000002,75
DEPARTMENT OF NATURAL RESOURCES AND CONSERVATION,YELLOWSTONE,BILLINGS,5007.53,5114.58,412878,10415662.4,10638326.4,222664.00000000006,205
DEPARTMENT OF PUBLIC HEALTH AND HUMAN SERVICES,BEAVERHEAD,DILLON,436.91,439.37,54372,908772.8,913889.6,5116.800000000007,27
DEPARTMENT OF PUBLIC HEALTH AND HUMAN SERVICES,BIG HORN,HARDIN,1827.61,1881.67,211442,3801428.8,3913873.6,112444.80000000002,105
DEPARTMENT OF PUBLIC HEALTH AND HUMAN SERVICES,BLAINE,CHINOOK,485.67,508.19,56377,1010193.6,1057035.2,46841.59999999999,28
DEPARTMENT OF PUBLIC HEALTH AND HUMAN SERVICES,BROADWATER,TOWNSEND,41.019999999999996,44.09,4023,85321.6,91707.20000000001,6385.600000000006,2
DEPARTMENT OF PUBLIC HEALTH AND HUMAN SERVICES,CARBON,RED LODGE,423.22,429.07,54368,880297.6,892465.6,12167.999999999989,27
DEPARTMENT OF PUBLIC HEALTH AND HUMAN SERVICES,CASCADE,GREAT FALLS,21866.87,22472.02,2338397,45483089.6,46741801.6,1258712,1161
DEPARTMENT OF PUBLIC HEALTH AND HUMAN SERVICES,CHOTEAU,FORT BENTON,69.02,74.99000000000001,8046,143561.6,155979.2,12417.600000000006,4
DEPARTMENT OF PUBLIC HEALTH AND HUMAN SERVICES,CHOUTEAU,FORT BENTON,192.69,203.53,22166,400795.2,423342.4,22547.199999999997,11
DEPARTMENT OF PUBLIC HEALTH AND HUMAN SERVICES,CUSTER,MILES CITY,4033.97,4164.9800000000005,422919,8390657.6,8663158.4,272500.8,210
DEPARTMENT OF PUBLIC HEALTH AND HUMAN SERVICES,DAWSON,GLENDIVE,1819.17,1852,197362,3783873.6,3852160,68286.4,98
DEPARTMENT OF PUBLIC HEALTH AND HUMAN SERVICES,DEER LODGE,ANACONDA,1792.24,1870.46,193338,3727859.2,3890556.8000000003,162697.6,96
DEPARTMENT OF PUBLIC HEALTH AND HUMAN SERVICES,DEER LODGE,WARM SPRINGS,74703.36,76459.88,7963956,155382988.8,159036550.4,3653561.5999999996,3954
DEPARTMENT OF PUBLIC HEALTH AND HUMAN SERVICES,FALLON,BAKER,104.6,108.87,12069,217568,226449.6,8881.600000000013,6
DEPARTMENT OF PUBLIC HEALTH AND HUMAN SERVICES,FERGUS,LEWISTOWN,25494.71,25895.98,3143773,53028996.8,53863638.4,834641.5999999999,1561
DEPARTMENT OF PUBLIC HEALTH AND HUMAN SERVICES,FLATHEAD,COLUMBIA FALLS,6063.85,6148.36,870983,12612808,12788588.8,175780.79999999996,433
DEPARTMENT OF PUBLIC HEALTH AND HUMAN SERVICES,FLATHEAD,COLUMBIA FLS,18564.77,18802.06,2367554,38614721.6,39108284.8,493563.20000000007,1175
DEPARTMENT OF PUBLIC HEALTH AND HUMAN SERVICES,FLATHEAD,KALISPELL,10901.05,11089.76,1220485,22674184,23066700.8,392516.8000000001,606
DEPARTMENT OF PUBLIC HEALTH AND HUMAN SERVICES,GALLATIN,BOZEMAN,5397.28,5504.47,590104,11226342.4,11449297.6,222955.19999999998,293
DEPARTMENT OF PUBLIC HEALTH AND HUMAN SERVICES,GLACIER,BROWNING,2106.93,2147.34,239640,4382414.4,4466467.2,84052.79999999996,119
DEPARTMENT OF PUBLIC HEALTH AND HUMAN SERVICES,GLACIER,CUT BANK,529.51,550.37,64451,1101380.8,1144769.6,43388.80000000001,32
DEPARTMENT OF PUBLIC HEALTH AND HUMAN SERVICES,HILL,HAVRE,3553.41,3650.2200000000003,398784,7391092.8,7592457.6,201364.79999999996,198
DEPARTMENT OF PUBLIC HEALTH AND HUMAN SERVICES,JEFFERSON,BOULDER,30523.45,31461.329999999998,3814093,63488776,65439566.4,1950790.4,1894
DEPARTMENT OF PUBLIC HEALTH AND HUMAN SERVICES,LAKE,POLSON,3277.69,3350.98,366599,6817595.2,6970038.4,152443.19999999992,182
DEPARTMENT OF PUBLIC HEALTH AND HUMAN SERVICES,LEWIS AND CLARK,HELENA,168459.6,173189.47,14508946,350395968,360234097.6,9838129.600000001,7204
DEPARTMENT OF PUBLIC HEALTH AND HUMAN SERVICES,LEWIS AND CLARK,LINCOLN,67.34,69.7,8050,140067.19999999998,144976,4908.80000000001,4
DEPARTMENT OF PUBLIC HEALTH AND HUMAN SERVICES,LINCOLN,LIBBY,2433.64,2511.45,273912,5061971.2,5223816,161844.80000000005,136
DEPARTMENT OF PUBLIC HEALTH AND HUMAN SERVICES,MEAGHER,WHITE SULPHUR SPRINGS,47.65,48.370000000000005,6036,99112,100609.6,1497.6000000000058,3
DEPARTMENT OF PUBLIC HEALTH AND HUMAN SERVICES,MEAGHER,WHT SPHR SPGS,78.77,78.77,8062,163841.59999999998,163841.59999999998,0,4
DEPARTMENT OF PUBLIC HEALTH AND HUMAN SERVICES,MINERAL,SUPERIOR,424.38,436.11,52342,882710.4,907108.7999999999,24398.399999999983,26
DEPARTMENT OF PUBLIC HEALTH AND HUMAN SERVICES,MISSOULA,MISSOULA,24496.49,25069.31,2606288,50952699.2,52144164.8,1191465.6,1294
DEPARTMENT OF PUBLIC HEALTH AND HUMAN SERVICES,MUSSELSHELL,ROUNDUP,586.9399999999999,606.64,68473,1220835.2,1261811.2,40976.00000000002,34
DEPARTMENT OF PUBLIC HEALTH AND HUMAN SERVICES,PARK,LIVINGSTON,1704.65,1785.67,183273,3545672,3714193.6,168521.59999999998,91
DEPARTMENT OF PUBLIC HEALTH AND HUMAN SERVICES,PHILLIPS,MALTA,188.96,188.96,22146,393036.8,393036.8,0,11
DEPARTMENT OF PUBLIC HEALTH AND HUMAN SERVICES,PONDERA,CONRAD,1148.74,1192.47,122866,2389379.2,2480337.6,90958.4,61
DEPARTMENT OF PUBLIC HEALTH AND HUMAN SERVICES,POWELL,DEER LODGE,342.3,352.59,38247,711984,733387.2,21403.19999999998,19
DEPARTMENT OF PUBLIC HEALTH AND HUMAN SERVICES,PRAIRIE,TERRY,19.2,21.5,2011,39936,44720,4784,1
DEPARTMENT OF PUBLIC HEALTH AND HUMAN SERVICES,RAVALLI,CORVALLIS,81.58,82.8,8050,169686.4,172224,2537.5999999999985,4
DEPARTMENT OF PUBLIC HEALTH AND HUMAN SERVICES,RAVALLI,HAMILTON,3425.38,3509.51,386676,7124790.4,7299780.8,174990.40000000008,192
DEPARTMENT OF PUBLIC HEALTH AND HUMAN SERVICES,RICHLAND,SIDNEY,905.41,952.5,98681,1883252.8,1981200,97947.2,49
DEPARTMENT OF PUBLIC HEALTH AND HUMAN SERVICES,ROOSEVELT,WOLF POINT,2722.29,2768.55,312137,5662363.2,5758584,96220.80000000005,155
DEPARTMENT OF PUBLIC HEALTH AND HUMAN SERVICES,ROSEBUD,COLSTRIP,32.15,32.15,4023,66872,66872,0,2
DEPARTMENT OF PUBLIC HEALTH AND HUMAN SERVICES,ROSEBUD,FORSYTH,186.42,194.4,22136,387753.6,404352,16598.400000000005,11
DEPARTMENT OF PUBLIC HEALTH AND HUMAN SERVICES,ROSEBUD,LAME DEER,877.72,884.84,106752,1825657.6,1840467.2,14809.599999999984,53
DEPARTMENT OF PUBLIC HEALTH AND HUMAN SERVICES,SANDERS,THOMPSON FALLS,402.84,416.86,48276,837907.2,867068.8,29161.600000000002,24
DEPARTMENT OF PUBLIC HEALTH AND HUMAN SERVICES,SANDERS,THOMPSON FLS,1127.6200000000001,1165.64,114842,2345449.6,2424531.2,79081.59999999993,57
DEPARTMENT OF PUBLIC HEALTH AND HUMAN SERVICES,SHERIDAN,PLENTYWOOD,287.19,306.85,30197,597355.2000000001,638248,40892.799999999996,15
DEPARTMENT OF PUBLIC HEALTH AND HUMAN SERVICES,SILVER BOW,BUTTE,25050.28,25681.06,2519658,52104582.4,53416604.8,1312022.4000000001,1251
DEPARTMENT OF PUBLIC HEALTH AND HUMAN SERVICES,STILLWATER,COLUMBUS,586.28,596.95,64460,1219462.4,1241656,22193.600000000035,32
DEPARTMENT OF PUBLIC HEALTH AND HUMAN SERVICES,SWEET GRASS,BIG TIMBER,281.14,296.56,30193,584771.2000000001,616844.8,32073.599999999988,15
DEPARTMENT OF PUBLIC HEALTH AND HUMAN SERVICES,TETON,CHOTEAU,380.47,396.43,44300,791377.6,824574.4,33196.80000000002,22
DEPARTMENT OF PUBLIC HEALTH AND HUMAN SERVICES,TOOLE,SHELBY,269.46000000000004,283.53000000000003,30207,560476.8,589742.4,29265.599999999977,15
DEPARTMENT OF PUBLIC HEALTH AND HUMAN SERVICES,VALLEY,GLASGOW,2013.99,2068.02,227606,4189099.2,4301481.6,112382.40000000004,113
DEPARTMENT OF PUBLIC HEALTH AND HUMAN SERVICES,VALLEY,HINSDALE,76.75999999999999,85.96000000000001,8050,159660.8,178796.8,19136.000000000007,4
DEPARTMENT OF PUBLIC HEALTH AND HUMAN SERVICES,YELLOWSTONE,BILLINGS,31513.55,32370.82,3349424,65548184,67331305.6,1783121.6,1663
DEPARTMENT OF PUBLIC HEALTH AND HUMAN SERVICES,YELLOWSTONE,SHEPHERD,95.98,100.34,8050,199638.4,208707.19999999998,9068.799999999988,4
DEPARTMENT OF PUBLIC SERVICE REGULATION,LEWIS AND CLARK,HELENA,8119.58,8343.83,559847,16888726.4,17355166.4,466439.99999999994,278
DEPARTMENT OF REVENUE,BEAVERHEAD,DILLON,581.73,601.32,64455,1209998.4,1250745.6,40747.20000000001,32
DEPARTMENT OF REVENUE,BIG HORN,HARDIN,569.27,584.44,60407,1184081.6,1215635.2,31553.6,30
DEPARTMENT OF REVENUE,BLAINE,CHINOOK,244.93,262.23,28196,509454.39999999997,545438.4,35984.00000000001,14
DEPARTMENT OF REVENUE,BROADWATER,TOWNSEND,211.85,218.92,24162,440648,455353.6,14705.599999999999,12
DEPARTMENT OF REVENUE,CARBON,RED LODGE,554.54,570.06,64459,1153443.2,1185724.8,32281.599999999977,32
DEPARTMENT OF REVENUE,CARTER,EKALAKA,198.48,206.42000000000002,20137,412838.4,429353.60000000003,16515.20000000002,10
DEPARTMENT OF REVENUE,CASCADE,GREAT FALLS,3068.58,3200.06,310165,6382646.4,6656124.8,273478.4,154
DEPARTMENT OF REVENUE,CHOTEAU,FORT BENTON,69.62,76.08,8046,144809.6,158246.40000000002,13436.80000000001,4
DEPARTMENT OF REVENUE,CHOUTEAU,FORT BENTON,189.91,196.24,22165,395012.8,408179.2,13166.399999999987,11
DEPARTMENT OF REVENUE,CUSTER,MILES CITY,593.72,622.1,60414,1234937.6,1293968,59030.4,30
DEPARTMENT OF REVENUE,DANIELS,SCOBEY,236.85999999999999,242.44,28200,492668.8,504275.19999999995,11606.399999999987,14
DEPARTMENT OF REVENUE,DAWSON,GLENDIVE,675.07,704.38,66457,1404145.6,1465110.4000000001,60964.80000000003,33
DEPARTMENT OF REVENUE,DEER LODGE,ANACONDA,394.37,404.77,50346,820289.6,841921.6,21631.99999999999,25
DEPARTMENT OF REVENUE,FALLON,BAKER,256.14,268.71999999999997,30207,532771.2,558937.6,26166.400000000005,15
DEPARTMENT OF REVENUE,FERGUS,LEWISTOWN,540.93,562.52,54368,1125134.4000000001,1170041.6,44907.19999999999,27
DEPARTMENT OF REVENUE,FLATHEAD,KALISPELL,3455.33,3540.36,364530,7187086.4,7363948.8,176862.39999999997,181
DEPARTMENT OF REVENUE,GALLATIN,BOZEMAN,4212.97,4280.91,451160,8762977.6,8904292.8,141315.20000000004,224
DEPARTMENT OF REVENUE,GARFIELD,JORDAN,140.14,145.1,14098,291491.2,301808,10316.800000000003,7
DEPARTMENT OF REVENUE,GLACIER,CUT BANK,293.89,297.61,34242,611291.2,619028.8,7737.600000000006,17
DEPARTMENT OF REVENUE,GOLDEN VALLEY,RYEGATE,128.47,138.05,14098,267217.6,287144,19926.399999999994,7
DEPARTMENT OF REVENUE,GRANITE,PHILIPSBURG,232.32,236,28192,483225.6,490880,7654.400000000016,14
DEPARTMENT OF REVENUE,HILL,HAVRE,394.43,426.42,44305,820414.4,886953.6,66539.20000000001,22
DEPARTMENT OF REVENUE,JEFFERSON,BOULDER,301.82,306.37,34240,627785.6,637249.6,9463.999999999985,17
DEPARTMENT OF REVENUE,JUDITH BASIN,STANFORD,340.38,361.48,34234,707990.4,751878.4,43888.00000000001,17
DEPARTMENT OF REVENUE,LAKE,POLSON,1033.5,1041.51,122857,2149680,2166340.8000000003,16660.800000000017,61
DEPARTMENT OF REVENUE,LEWIS AND CLARK,HELENA,66092.04,67958.72,5931105,137471443.2,141354137.6,3882694.3999999994,2945
DEPARTMENT OF REVENUE,LIBERTY,CHESTER,231.54999999999998,234.78,28196,481624,488342.4,6718.3999999999905,14
DEPARTMENT OF REVENUE,LINCOLN,LIBBY,954.81,989.59,100703,1986004.8,2058347.2,72342.4,50
DEPARTMENT OF REVENUE,MADISON,VIRGINIA CITY,931.73,949.15,100719,1937998.4,1974232,36233.6,50
DEPARTMENT OF REVENUE,MCCONE,CIRCLE,163.05,167.48000000000002,16109,339144,348358.4,9214.400000000001,8
DEPARTMENT OF REVENUE,MEAGHER,WHITE SULPHUR SPRINGS,51.400000000000006,51.400000000000006,6036,106912,106912,0,3
DEPARTMENT OF REVENUE,MEAGHER,WHT SPHR SPGS,31.64,31.64,4033,65811.2,65811.2,0,2
DEPARTMENT OF REVENUE,MINERAL,SAINT REGIS,140.76,146.09,14111,292780.8,303867.2,11086.399999999994,7
DEPARTMENT OF REVENUE,MINERAL,SUPERIOR,179.8,185.37,20125,373984,385569.6,11585.599999999999,10
DEPARTMENT OF REVENUE,MISSOULA,MISSOULA,3525.5,3635.68,360528,7333040,7562214.4,229174.39999999997,179
DEPARTMENT OF REVENUE,MUSSELSHELL,ROUNDUP,207.91,209.55,24169,432452.8,435864,3411.199999999997,12
DEPARTMENT OF REVENUE,PARK,LIVINGSTON,801.38,818.6899999999999,94654,1666870.4000000001,1702875.2,36004.799999999974,47
DEPARTMENT OF REVENUE,PETROLEUM,WINNETT,112.46,112.77,12087,233916.8,234561.6,644.8000000000029,6
DEPARTMENT OF REVENUE,PHILLIPS,MALTA,238.86,251.6,28196,496828.8,523328,26499.19999999999,14
DEPARTMENT OF REVENUE,PONDERA,CONRAD,256.5,271.58,30207,533520,564886.4,31366.40000000002,15
DEPARTMENT OF REVENUE,POWDER RIVER,BROADUS,280.93,298.98,30210,584334.4,621878.4,37544.000000000015,15
DEPARTMENT OF REVENUE,POWELL,DEER LODGE,245.99,246.53,32218,511659.2,512782.4,1123.199999999997,16
DEPARTMENT OF REVENUE,PRAIRIE,TERRY,139.32,146.24,14098,289785.6,304179.2,14393.600000000006,7
DEPARTMENT OF REVENUE,RAVALLI,HAMILTON,1919.6,1975.26,203410,3992768,4108540.8,115772.7999999999,101
DEPARTMENT OF REVENUE,RICHLAND,SIDNEY,579.38,606.5,66469,1205110.4,1261520,56409.6,33
DEPARTMENT OF REVENUE,ROOSEVELT,WOLF POINT,339.69,345.25,38271,706555.2000000001,718120,11564.799999999996,19
DEPARTMENT OF REVENUE,ROSEBUD,FORSYTH,259.78000000000003,270.26,28196,540342.4,562140.8,21798.399999999972,14
DEPARTMENT OF REVENUE,SANDERS,THOMPSON FALLS,109.58,114.53,12069,227926.4,238222.40000000002,10296.000000000022,6
DEPARTMENT OF REVENUE,SANDERS,THOMPSON FLS,315.56,323.15999999999997,36268,656364.8,672172.8,15808,18
DEPARTMENT OF REVENUE,SHERIDAN,PLENTYWOOD,469.79,498.31,48327,977163.2000000001,1036484.7999999999,59321.59999999995,24
DEPARTMENT OF REVENUE,SILVER BOW,BUTTE,962.37,994.92,102712,2001729.6,2069433.6,67704.00000000003,51
DEPARTMENT OF REVENUE,STILLWATER,COLUMBUS,358.63,367.37,44309,745950.4,764129.6,18179.2,22
DEPARTMENT OF REVENUE,SWEET GRASS,BIG TIMBER,193.64,210.31,20134,402771.2,437444.8,34673.59999999999,10
DEPARTMENT OF REVENUE,TETON,CHOTEAU,337.94,360.58,34232,702915.2,750006.4,47091.200000000026,17
DEPARTMENT OF REVENUE,TOOLE,SHELBY,401.07,421.06,42294,834225.6,875804.8,41579.20000000002,21
DEPARTMENT OF REVENUE,TREASURE,HYSHAM,103.28,105.73,14098,214822.4,219918.4,5096.000000000011,7
DEPARTMENT OF REVENUE,VALLEY,GLASGOW,658.03,702.33,70502,1368702.4,1460846.4,92144.00000000001,35
DEPARTMENT OF REVENUE,WHEATLAND,HARLOWTON,156.47,165.06,16109,325457.6,343324.8,17867.199999999997,8
DEPARTMENT OF REVENUE,WIBAUX,WIBAUX,123.31,123.88,14098,256484.8,257670.4,1185.5999999999985,7
DEPARTMENT OF REVENUE,YELLOWSTONE,BILLINGS,4720.87,4896.02,479344,9819409.6,10183721.6,364312,238
DEPARTMENT OF TRANSPORTATION,BEAVERHEAD,DILLON,771.36,797.91,72574,1604428.8,1659652.8,55223.99999999998,36
DEPARTMENT OF TRANSPORTATION,BEAVERHEAD,LIMA,767.1999999999999,792.66,72576,1595776,1648732.8,52956.79999999996,36
DEPARTMENT OF TRANSPORTATION,BEAVERHEAD,WISDOM,502.51,508.38,48381,1045220.8,1057430.4,12209.599999999977,24
DEPARTMENT OF TRANSPORTATION,BIG HORN,BUSBY,264,277.59,24192,549120,577387.2,28267.199999999975,12
DEPARTMENT OF TRANSPORTATION,BIG HORN,HARDIN,495.89,511.12,46367,1031451.2000000001,1063129.6,31678.399999999972,23
DEPARTMENT OF TRANSPORTATION,BIG HORN,LODGE GRASS,490.79,502.49,46367,1020843.2000000001,1045179.2,24335.999999999985,23
DEPARTMENT OF TRANSPORTATION,BLAINE,HARLEM,355.3,362.5,32258,739024,754e3,14975.999999999993,16
DEPARTMENT OF TRANSPORTATION,BROADWATER,TOWNSEND,421.15999999999997,431.84,40318,876012.8,898227.2,22214.39999999998,20
DEPARTMENT OF TRANSPORTATION,CARBON,BRIDGER,343.45,348.8,32254,714376,725504,11127.999999999978,16
DEPARTMENT OF TRANSPORTATION,CARBON,RED LODGE,446.61,451.23,42334,928948.8,938558.4,9609.599999999991,21
DEPARTMENT OF TRANSPORTATION,CARTER,BOYES,19.27,19.27,2015,40081.6,40081.6,0,1
DEPARTMENT OF TRANSPORTATION,CARTER,EKALAKA,39.46,39.46,4030,82076.8,82076.8,0,2
DEPARTMENT OF TRANSPORTATION,CASCADE,BELT,688.89,705.01,64510,1432891.2,1466420.8,33529.59999999999,32
DEPARTMENT OF TRANSPORTATION,CASCADE,CASCADE,265.81,271.51,26208,552884.8,564740.8,11855.999999999985,13
DEPARTMENT OF TRANSPORTATION,CASCADE,GREAT FALLS,25570.77,26519.84,2315322,53187201.6,55161267.2,1974065.6000000008,1150
DEPARTMENT OF TRANSPORTATION,CASCADE,MONARCH,204.69,214.96,18144,425755.2,447116.8,21361.59999999997,9
DEPARTMENT OF TRANSPORTATION,CASCADE,SUN RIVER,373.56,380.79,32255,777004.8,792043.2,15038.399999999987,16
DEPARTMENT OF TRANSPORTATION,CHOUTEAU,BIG SANDY,182.14,189.78,16128,378851.2,394742.4,15891.199999999975,8
DEPARTMENT OF TRANSPORTATION,CHOUTEAU,FORT BENTON,219.82999999999998,219.82999999999998,20160,457246.4,457246.4,0,10
DEPARTMENT OF TRANSPORTATION,CUSTER,ISMAY,139.36,139.36,12096,289868.8,289868.8,0,6
DEPARTMENT OF TRANSPORTATION,CUSTER,MILES CITY,11248.06,11643.69,1081253,23395964.8,24218875.2,822910.4000000004,537
DEPARTMENT OF TRANSPORTATION,DANIELS,SCOBEY,266.32,278.26,24192,553945.6,578780.8,24835.199999999968,12
DEPARTMENT OF TRANSPORTATION,DAWSON,GLENDIVE,16769.12,17393.44,1433783,34879769.6,36178355.2,1298585.6000000006,712
DEPARTMENT OF TRANSPORTATION,DEER LODGE,ANACONDA,1349,1401.36,108861,2805920,2914828.8,108908.80000000003,54
DEPARTMENT OF TRANSPORTATION,FALLON,BAKER,367.67,367.67,34274,764753.6,764753.6,0,17
DEPARTMENT OF TRANSPORTATION,FERGUS,DENTON,185.35999999999999,186.36,18145,385548.8,387628.8,2080.000000000029,9
DEPARTMENT OF TRANSPORTATION,FERGUS,GRASS RANGE,200.52,209.35999999999999,18144,417081.60000000003,435468.8,18387.199999999983,9
DEPARTMENT OF TRANSPORTATION,FERGUS,LEWISTOWN,7406.03,7712.4,692715,15404542.4,16041792,637249.6000000001,344
DEPARTMENT OF TRANSPORTATION,FERGUS,ROY,320.14,329.46,28225,665891.2000000001,685276.8,19385.599999999977,14
DEPARTMENT OF TRANSPORTATION,FLATHEAD,COLUMBIA FLS,443.77,448.12,42336,923041.6,932089.6,9047.99999999997,21
DEPARTMENT OF TRANSPORTATION,FLATHEAD,KALISPELL,16206.81,16753.39,1457994,33710164.8,34847051.2,1136886.4000000004,724
DEPARTMENT OF TRANSPORTATION,FLATHEAD,KILA,129.72,135.59,12096,269817.6,282027.2,12209.600000000013,6
DEPARTMENT OF TRANSPORTATION,FLATHEAD,NYACK,401.39,404.87,38302,834891.2,842129.6,7238.399999999994,19
DEPARTMENT OF TRANSPORTATION,FLATHEAD,WHITEFISH,667.34,671.41,64511,1388067.2,1396532.8,8465.599999999977,32
DEPARTMENT OF TRANSPORTATION,GALLATIN,BOZEMAN,14758.73,15148.72,1425739,30698158.4,31509337.6,811179.2000000003,708
DEPARTMENT OF TRANSPORTATION,GALLATIN,THREE FORKS,448.99,454.21999999999997,42336,933899.2,944777.6,10878.399999999987,21
DEPARTMENT OF TRANSPORTATION,GALLATIN,W YELLOWSTONE,485.6,492.84,46367,1010048,1025107.2,15059.19999999999,23
DEPARTMENT OF TRANSPORTATION,GALLATIN,WEST YELLOWSTONE,295.81,298.6,24196,615284.8,621088,5803.200000000004,12
DEPARTMENT OF TRANSPORTATION,GARFIELD,JORDAN,285.58,299.68,26207,594006.4,623334.4,29327.999999999956,13
DEPARTMENT OF TRANSPORTATION,GLACIER,BROWNING,574.92,588.74,54430,1195833.6,1224579.2,28745.59999999997,27
DEPARTMENT OF TRANSPORTATION,GLACIER,CUT BANK,440.99,463.43,38305,917259.2000000001,963934.4,46675.19999999995,19
DEPARTMENT OF TRANSPORTATION,GLACIER,E GLACIER PK,127.77,130.01,12090,265761.6,270420.8,4659.199999999997,6
DEPARTMENT OF TRANSPORTATION,GLACIER,SAINT MARY,103.59,103.59,10083,215467.2,215467.2,0,5
DEPARTMENT OF TRANSPORTATION,GOLDEN VALLEY,RYEGATE,140.29,143.34,12096,291803.2,298147.2,6343.999999999985,6
DEPARTMENT OF TRANSPORTATION,GRANITE,DRUMMOND,431.04,443.26,40319,896563.2000000001,921980.8,25417.59999999999,20
DEPARTMENT OF TRANSPORTATION,GRANITE,PHILIPSBURG,260.75,270.24,24192,542360,562099.2,19739.199999999968,12
DEPARTMENT OF TRANSPORTATION,HILL,HAVRE,8935.72,9186.35,861651,18586297.6,19107608,521310.40000000014,428
DEPARTMENT OF TRANSPORTATION,JEFFERSON,BOULDER,838.85,848.05,80637,1744808,1763944,19136.000000000015,40
DEPARTMENT OF TRANSPORTATION,JEFFERSON,WHITEHALL,1001.63,1024.09,90720,2083390.4,2130107.1999999997,46716.79999999999,45
DEPARTMENT OF TRANSPORTATION,JUDITH BASIN,STANFORD,282.91,286.91,26210,588452.8,596772.8,8319.999999999978,13
DEPARTMENT OF TRANSPORTATION,LAKE,POLSON,306.8,317.94,28225,638144,661315.2,23171.199999999983,14
DEPARTMENT OF TRANSPORTATION,LAKE,RAVALLI,240.44,246.31,22174,500115.2,512324.8,12209.59999999997,11
DEPARTMENT OF TRANSPORTATION,LAKE,ROLLINS,224.5,228.82,20161,466960,475945.6,8985.599999999984,10
DEPARTMENT OF TRANSPORTATION,LAKE,RONAN,362.41,366.19,34273,753812.8,761675.2,7862.399999999987,17
DEPARTMENT OF TRANSPORTATION,LEWIS AND CLARK,AUGUSTA,285.66,288.73,26209,594172.8,600558.4,6385.599999999969,13
DEPARTMENT OF TRANSPORTATION,LEWIS AND CLARK,HELENA,153962.5,160241.41,11121103,320242e3,333302132.8,13060132.800000003,5522
DEPARTMENT OF TRANSPORTATION,LEWIS AND CLARK,LINCOLN,263.08,264.19,24192,547206.4,549515.2,2308.7999999999884,12
DEPARTMENT OF TRANSPORTATION,LEWIS AND CLARK,WOLF CREEK,670.63,683.99,62495,1394910.4000000001,1422699.2,27788.79999999998,31
DEPARTMENT OF TRANSPORTATION,LIBERTY,CHESTER,263.53,271.59,24192,548142.4,564907.2,16764.79999999999,12
DEPARTMENT OF TRANSPORTATION,LINCOLN,EUREKA,304.5,309.97,28225,633360,644737.6,11377.599999999977,14
DEPARTMENT OF TRANSPORTATION,LINCOLN,LIBBY,902.4399999999999,918.65,84672,1877075.2,1910792,33716.79999999999,42
DEPARTMENT OF TRANSPORTATION,LINCOLN,TROY,319.46,328.01,30237,664476.8,682260.8,17783.999999999978,15
DEPARTMENT OF TRANSPORTATION,MADISON,ENNIS,469.12,473.88,44351,975769.6,985670.4,9900.799999999974,22
DEPARTMENT OF TRANSPORTATION,MADISON,HARRISON,320.56,327.18,30241,666764.8,680534.4,13769.599999999984,15
DEPARTMENT OF TRANSPORTATION,MADISON,TWIN BRIDGES,321.46,331.44,30240,668636.8,689395.2,20758.399999999965,15
DEPARTMENT OF TRANSPORTATION,MCCONE,BROCKWAY,141.21,150.12,12096,293716.80000000005,312249.6,18532.79999999998,6
DEPARTMENT OF TRANSPORTATION,MCCONE,CIRCLE,339.8,348.34,32255,706784,724547.2,17763.199999999975,16
DEPARTMENT OF TRANSPORTATION,MEAGHER,WHT SPHR SPGS,535.5,549.18,50401,1113840,1142294.4,28454.399999999972,25
DEPARTMENT OF TRANSPORTATION,MINERAL,ALBERTON,475.21,479.13,46362,988436.8,996590.4,8153.599999999984,23
DEPARTMENT OF TRANSPORTATION,MINERAL,HAUGAN,1268.93,1301.64,120954,2639374.4,2707411.2,68036.80000000002,60
DEPARTMENT OF TRANSPORTATION,MINERAL,SAINT REGIS,237.42,241.75,18144,493833.6,502840,9006.400000000052,9
DEPARTMENT OF TRANSPORTATION,MINERAL,SUPERIOR,343.96,352.68,32255,715436.8,733574.4,18137.59999999997,16
DEPARTMENT OF TRANSPORTATION,MISSOULA,CLINTON,460.2,467.46,44349,957216,972316.7999999999,15100.799999999974,22
DEPARTMENT OF TRANSPORTATION,MISSOULA,LOLO,807,830.55,76606,1678560,1727544,48983.99999999995,38
DEPARTMENT OF TRANSPORTATION,MISSOULA,MISSOULA,33711.94,34921.93,3034134,70120835.2,72637614.4,2516779.200000001,1507
DEPARTMENT OF TRANSPORTATION,MISSOULA,SEELEY LAKE,629.21,646.49,54433,1308756.8,1344699.2,35942.399999999994,27
DEPARTMENT OF TRANSPORTATION,MUSSELSHELL,MELSTONE,139.82999999999998,142.56,12096,290846.4,296524.8,5678.399999999987,6
DEPARTMENT OF TRANSPORTATION,MUSSELSHELL,ROUNDUP,364.19,368.2,34271,757515.2,765856,8340.799999999996,17
DEPARTMENT OF TRANSPORTATION,PARK,EMIGRANT,240.49,246.28,22175,500219.2,512262.4,12043.199999999983,11
DEPARTMENT OF TRANSPORTATION,PARK,LIVINGSTON,510.55,529.15,48383,1061944,1100632,38687.999999999985,24
DEPARTMENT OF TRANSPORTATION,PARK,WILSALL,262.62,276.13,24192,546249.6,574350.4,28100.79999999999,12
DEPARTMENT OF TRANSPORTATION,PETROLEUM,WINNETT,197.69,201.45,18143,411195.2,419016,7820.799999999988,9
DEPARTMENT OF TRANSPORTATION,PHILLIPS,MALTA,402.58,419.91,36286,837366.4,873412.8,36046.399999999965,18
DEPARTMENT OF TRANSPORTATION,PONDERA,CONRAD,3095.3199999999997,3266.55,231834,6438265.6,6794424,356158.4,115
DEPARTMENT OF TRANSPORTATION,PONDERA,DUPUYER,324.69,330.18,30240,675355.2000000001,686774.4,11419.199999999975,15
DEPARTMENT OF TRANSPORTATION,POWDER RIVER,BROADUS,518.72,525.3,48386,1078937.6,1092624,13686.400000000016,24
DEPARTMENT OF TRANSPORTATION,POWELL,DEER LODGE,618.65,634.0699999999999,58462,1286792,1318865.6,32073.59999999997,29
DEPARTMENT OF TRANSPORTATION,PRAIRIE,TERRY,265.39,277.7,24192,552011.2000000001,577616,25604.799999999974,12
DEPARTMENT OF TRANSPORTATION,RAVALLI,HAMILTON,493.65,506.28,46369,1026792,1053062.4,26270.399999999987,23
DEPARTMENT OF TRANSPORTATION,RAVALLI,SULA,380.26,382.48,36287,790940.8,795558.4,4617.5999999999985,18
DEPARTMENT OF TRANSPORTATION,RICHLAND,SIDNEY,407.67,416.35,38306,847953.6,866008,18054.39999999998,19
DEPARTMENT OF TRANSPORTATION,ROOSEVELT,CULBERTSON,531.03,543.91,48383,1104542.4000000001,1131332.8,26790.399999999987,24
DEPARTMENT OF TRANSPORTATION,ROOSEVELT,WOLF POINT,8612.45,8896.89,831546,17913896,18505531.2,591635.2000000004,413
DEPARTMENT OF TRANSPORTATION,ROSEBUD,ASHLAND,368.38,380.85,34271,766230.4,792168,25937.599999999977,17
DEPARTMENT OF TRANSPORTATION,ROSEBUD,COLSTRIP,266.16,266.16,24192,553612.8,553612.8,0,12
DEPARTMENT OF TRANSPORTATION,ROSEBUD,FORSYTH,392,402.46999999999997,36288,815360,837137.6,21777.599999999977,18
DEPARTMENT OF TRANSPORTATION,SANDERS,HOT SPRINGS,239.56,245.48,22175,498284.8,510598.39999999997,12313.599999999977,11
DEPARTMENT OF TRANSPORTATION,SANDERS,NOXON,260.29,260.29,24192,541403.2,541403.2,0,12
DEPARTMENT OF TRANSPORTATION,SANDERS,PLAINS,345.19,353.76,32255,717995.2,735820.8,17825.599999999984,16
DEPARTMENT OF TRANSPORTATION,SANDERS,THOMPSON FLS,339.3,341.19,32254,705744,709675.2,3931.1999999999825,16
DEPARTMENT OF TRANSPORTATION,SHERIDAN,PLENTYWOOD,350.09,363.98,32255,728187.2000000001,757078.4,28891.199999999975,16
DEPARTMENT OF TRANSPORTATION,SILVER BOW,BUTTE,34322.06,35553.45,3178999,71389884.8,73951176,2561291.2000000007,1579
DEPARTMENT OF TRANSPORTATION,SILVER BOW,DIVIDE,561.86,567.99,54430,1168668.8,1181419.2,12750.399999999972,27
DEPARTMENT OF TRANSPORTATION,STILLWATER,COLUMBUS,415.43,427.49,38303,864094.4,889179.2,25084.799999999967,19
DEPARTMENT OF TRANSPORTATION,SWEET GRASS,BIG TIMBER,524.92,539.82,48383,1091833.6,1122825.6,30991.999999999993,24
DEPARTMENT OF TRANSPORTATION,TETON,CHOTEAU,266.32,274.73,24192,553945.6,571438.4,17492.79999999999,12
DEPARTMENT OF TRANSPORTATION,TETON,DUTTON,396.17,414.64,36288,824033.6000000001,862451.2,38417.59999999997,18
DEPARTMENT OF TRANSPORTATION,TOOLE,SHELBY,1297,1341.52,114912,2697760,2790361.6,92601.60000000003,57
DEPARTMENT OF TRANSPORTATION,TOOLE,SWEET GRASS,118.62,119.99,12096,246729.59999999998,249579.2,2849.600000000006,6
DEPARTMENT OF TRANSPORTATION,TREASURE,HYSHAM,59.81,59.81,6049,124404.79999999999,124404.79999999999,0,3
DEPARTMENT OF TRANSPORTATION,VALLEY,GLASGOW,801.33,821.38,72576,1666766.4,1708470.4,41704,36
DEPARTMENT OF TRANSPORTATION,VALLEY,OPHEIM,158.62,161.35,14111,329929.60000000003,335608,5678.399999999987,7
DEPARTMENT OF TRANSPORTATION,WHEATLAND,HARLOWTON,262.14,262.86,24192,545251.2000000001,546748.8,1497.5999999999913,12
DEPARTMENT OF TRANSPORTATION,WIBAUX,WIBAUX,421.96999999999997,430.72,38303,877697.6,895897.6,18199.999999999993,19
DEPARTMENT OF TRANSPORTATION,YELLOWSTONE,BILLINGS,33049,34136.14,3022544,68741920,71003171.2,2261251.200000001,1501
DEPARTMENT OF TRANSPORTATION,YELLOWSTONE,CUSTER,468.46,489.39,42337,974396.8,1017931.2,43534.39999999998,21
DEPARTMENT OF TRANSPORTATION,NA,EAST GLACIER PARK,224.51,228.27,20165,466980.8,474801.6,7820.80000000001,10
DEPARTMENT OF TRANSPORTATION,NA,FERNDALE,650.7,661.29,62492,1353456,1375483.2,22027.19999999999,31
DEPARTMENT OF TRANSPORTATION,NA,GALLATIN GATEWAY,567.54,578.86,54431,1180483.2,1204028.8,23545.599999999984,27
JUDICIAL BRANCH,BEAVERHEAD,DILLON,147.94,152.29999999999998,16129,307715.2,316784,9068.799999999988,8
JUDICIAL BRANCH,CASCADE,GREAT FALLS,5120.61,5228.35,457214,10650868.8,10874968,224099.19999999992,227
JUDICIAL BRANCH,CUSTER,MILES CITY,1764.93,1796.96,155081,3671054.4,3737676.8,66622.39999999997,77
JUDICIAL BRANCH,DAWSON,GLENDIVE,390.76,396.59000000000003,40320,812780.8,824907.2000000001,12126.400000000005,20
JUDICIAL BRANCH,FERGUS,LEWISTOWN,1001.6,1014.36,92649,2083328,2109868.8000000003,26540.800000000054,46
JUDICIAL BRANCH,FLATHEAD,KALISPELL,4710.4,4813.96,408886,9797632,10013036.8,215404.7999999998,203
JUDICIAL BRANCH,GALLATIN,BOZEMAN,8315.98,8472.75,666674,17297238.4,17623320,326081.60000000015,331
JUDICIAL BRANCH,GLACIER,CUT BANK,190.76,196.41,20161,396780.8,408532.8,11752.000000000011,10
JUDICIAL BRANCH,HILL,HAVRE,1088.47,1100.04,106746,2264017.6,2288083.2,24065.60000000002,53
JUDICIAL BRANCH,JEFFERSON,BOULDER,72.88,77.38,6048,151590.40000000002,160950.4,9359.999999999985,3
JUDICIAL BRANCH,LAKE,POLSON,2033.31,2068.07,187308,4229284.8,4301585.6,72300.79999999999,93
JUDICIAL BRANCH,LEWIS AND CLARK,HELENA,36075.63,36505.89,2311936,75037310.4,75932251.2,894940.7999999998,1148
JUDICIAL BRANCH,LINCOLN,LIBBY,1257.69,1302.94,110770,2615995.2,2710115.2,94119.99999999996,55
JUDICIAL BRANCH,MADISON,VIRGINIA CITY,777.9,790.78,66448,1618032,1644822.4,26790.400000000027,33
JUDICIAL BRANCH,MISSOULA,MISSOULA,6219.78,6363.01,511612,12937142.4,13235060.8,297918.39999999985,254
JUDICIAL BRANCH,MUSSELSHELL,ROUNDUP,767.45,794.24,62440,1596296,1652019.2,55723.20000000001,31
JUDICIAL BRANCH,PARK,LIVINGSTON,914.14,935.86,78554,1901411.2,1946588.8,45177.59999999995,39
JUDICIAL BRANCH,PHILLIPS,MALTA,1427.08,1468.75,128913,2968326.4,3055e3,86673.59999999998,64
JUDICIAL BRANCH,POWELL,DEER LODGE,975.06,993.61,84596,2028124.8,2066708.8,38584.00000000003,42
JUDICIAL BRANCH,RAVALLI,HAMILTON,2207.38,2253.21,203428,4591350.4,4686676.8,95326.40000000002,101
JUDICIAL BRANCH,RICHLAND,SIDNEY,1944.53,1957.03,183246,4044622.4,4070622.4,25999.99999999999,91
JUDICIAL BRANCH,ROOSEVELT,WOLF POINT,713.75,725.09,62447,1484600,1508187.2,23587.199999999993,31
JUDICIAL BRANCH,SILVER BOW,BUTTE,2618.98,2689.3,235657,5447478.4,5593744,146265.59999999995,117
JUDICIAL BRANCH,STILLWATER,COLUMBUS,1246.33,1268.31,114801,2592366.4,2638084.8,45718.39999999999,57
JUDICIAL BRANCH,TOOLE,SHELBY,1206.97,1223.76,114803,2510497.6,2545420.8,34923.19999999997,57
JUDICIAL BRANCH,YELLOWSTONE,BILLINGS,7450.98,7568.91,672724,15498038.4,15743332.8,245294.4,334
LEGISLATIVE BRANCH,LEWIS AND CLARK,HELENA,143111.87,144138.96,6938100,132047372.6,134183719.8,2136347.1999999997,3445
MONTANA ARTS COUNCIL,LEWIS AND CLARK,HELENA,2163.49,2239.9900000000002,161107,4500059.2,4659179.2,159120.00000000006,80
MONTANA HISTORICAL SOCIETY,LEWIS AND CLARK,HELENA,10274.36,10656.01,1129845,21370668.8,22164500.8,793832,561
MONTANA STATE FUND,CASCADE,GREAT FALLS,122.11,122.11,8065,253988.8,253988.8,0,4
MONTANA STATE FUND,FLATHEAD,KALISPELL,218.07,218.07,12097,453585.60000000003,453585.60000000003,0,6
MONTANA STATE FUND,LEWIS AND CLARK,HELENA,68255.98,68255.98,4291793,141972438.4,141972438.4,0,2131
MONTANA STATE FUND,MISSOULA,MISSOULA,239.39,239.39,12096,497931.2,497931.2,0,6
MONTANA STATE FUND,SILVER BOW,BUTTE,252.11,252.11,14112,524388.8,524388.8,0,7
MONTANA STATE FUND,YELLOWSTONE,BILLINGS,362.44,362.44,20160,753875.2,753875.2,0,10
MONTANA STATE LIBRARY,LEWIS AND CLARK,HELENA,7851.25,8092.45,676675,16330600,16832296,501696.0000000001,336
MONTANA STATE LIBRARY,YELLOWSTONE,BILLINGS,102.75,106.9,8050,213720,222352,8632.000000000007,4
OFFICE OF PUBLIC INSTRUCTION,LEWIS AND CLARK,HELENA,60735.81,61666.98,5173760,126330484.8,128267318.4,1936833.6000000003,2569
OFFICE OF STATE PUBLIC DEFENDER,CASCADE,GREAT FALLS,2114.49,2135.64,149185,4398139.2,4442131.2,43992.000000000044,74
OFFICE OF STATE PUBLIC DEFENDER,CUSTER,MILES CITY,508.37,509.6,36287,1057409.6,1059968,2558.399999999987,18
OFFICE OF STATE PUBLIC DEFENDER,DAWSON,GLENDIVE,552.9,553.32,42333,1150032,1150905.6,873.5999999999985,21
OFFICE OF STATE PUBLIC DEFENDER,DEER LODGE,ANACONDA,248.32,249.86,20159,516505.6,519708.8,3203.2000000000116,10
OFFICE OF STATE PUBLIC DEFENDER,FERGUS,LEWISTOWN,367.07,370.39,28223,763505.6,770411.2,6905.599999999991,14
OFFICE OF STATE PUBLIC DEFENDER,FLATHEAD,KALISPELL,2322.89,2340.58,161278,4831611.2,4868406.4,36795.19999999998,80
OFFICE OF STATE PUBLIC DEFENDER,GALLATIN,BOZEMAN,1839.61,1859.22,135072,3826388.8,3867177.6,40788.800000000054,67
OFFICE OF STATE PUBLIC DEFENDER,HILL,HAVRE,648.82,651.76,50402,1349545.6,1355660.8,6115.199999999997,25
OFFICE OF STATE PUBLIC DEFENDER,LAKE,POLSON,758.17,760.81,62500,1576993.6,1582484.8,5491.199999999986,31
OFFICE OF STATE PUBLIC DEFENDER,LEWIS AND CLARK,HELENA,5195.26,5229.86,356848,10806140.8,10878108.8,71968,177
OFFICE OF STATE PUBLIC DEFENDER,MISSOULA,MISSOULA,3488.9,3544.95,229822,7256912,7373496,116584.0000000001,114
OFFICE OF STATE PUBLIC DEFENDER,RAVALLI,HAMILTON,731.38,736.16,56446,1521270.4,1531212.8,9942.400000000023,28
OFFICE OF STATE PUBLIC DEFENDER,SILVER BOW,BUTTE,2043.8,2073.43,149182,4251104,4312734.4,61630.40000000005,74
OFFICE OF STATE PUBLIC DEFENDER,VALLEY,GLASGOW,166.14000000000001,166.76,12096,345571.2,346860.8,1289.5999999999913,6
OFFICE OF STATE PUBLIC DEFENDER,YELLOWSTONE,BILLINGS,3729.2,3759.92,268139,7756736,7820633.6,63897.60000000009,133
OFFICE OF THE GOVERNOR,DEER LODGE,WARM SPRINGS,184.47,191.84,12096,383697.60000000003,399027.2,15329.599999999984,6
OFFICE OF THE GOVERNOR,LEWIS AND CLARK,HELENA,13727.21,13860.95,938570,28552596.8,28830776,278179.19999999995,466
OFFICE OF THE GOVERNOR,YELLOWSTONE,BILLINGS,113.82,113.82,6048,236745.59999999998,236745.59999999998,0,3
OFFICE OF THE SECRETARY OF STATE,LEWIS AND CLARK,HELENA,9994.51,10236.19,872047,20788580.8,21291275.2,502694.39999999997,433
OFFICE OF THE STATE AUDITOR,LEWIS AND CLARK,HELENA,15958.09,16344.94,1234523,33192827.2,33997475.2,804647.9999999999,613
OFFICE OF THE STATE PUBLIC DEFENDER,CASCADE,GREAT FALLS,2262.34,2279.43,189176,4705667.2,4741214.4,35547.19999999998,94
OFFICE OF THE STATE PUBLIC DEFENDER,CUSTER,MILES CITY,515.61,516.24,42261,1072468.8,1073779.2,1310.4000000000087,21
OFFICE OF THE STATE PUBLIC DEFENDER,DAWSON,GLENDIVE,615.76,618.48,52328,1280780.8,1286438.4,5657.599999999991,26
OFFICE OF THE STATE PUBLIC DEFENDER,DEER LODGE,ANACONDA,306.82,309.12,26164,638185.6,642969.6,4783.999999999996,13
OFFICE OF THE STATE PUBLIC DEFENDER,FERGUS,LEWISTOWN,380.22,381.65999999999997,32200,790857.6,793852.8,2995.19999999999,16
OFFICE OF THE STATE PUBLIC DEFENDER,FLATHEAD,KALISPELL,3269.33,3297.99,259605,6800206.4,6859819.2,59612.80000000002,129
OFFICE OF THE STATE PUBLIC DEFENDER,GALLATIN,BOZEMAN,2042.71,2054.44,181126,4248836.8,4273235.2,24398.399999999943,90
OFFICE OF THE STATE PUBLIC DEFENDER,HILL,HAVRE,499.48,500.9,42264,1038918.4,1041872,2953.5999999999985,21
OFFICE OF THE STATE PUBLIC DEFENDER,LAKE,POLSON,679.6,682.23,58365,1413568,1419038.4,5470.399999999972,29
OFFICE OF THE STATE PUBLIC DEFENDER,LEWIS AND CLARK,HELENA,4310.99,4369.42,372325,8966859.2,9088393.6,121534.4,185
OFFICE OF THE STATE PUBLIC DEFENDER,MISSOULA,MISSOULA,3340.27,3375.58,273702,6947761.6,7021206.4,73444.8,136
OFFICE OF THE STATE PUBLIC DEFENDER,RAVALLI,HAMILTON,858.38,864.86,76478,1785430.4,1798908.8,13478.399999999983,38
OFFICE OF THE STATE PUBLIC DEFENDER,SILVER BOW,BUTTE,3622.25,3666.06,392361,7534280,7625404.8,91124.79999999997,195
OFFICE OF THE STATE PUBLIC DEFENDER,VALLEY,GLASGOW,47.2,47.2,4028,98176,98176,0,2
OFFICE OF THE STATE PUBLIC DEFENDER,YELLOWSTONE,BILLINGS,3444.82,3472.91,301872,7165225.6,7223652.8,58427.19999999999,150
